{"@id": "dataset_id", "@type": "dcat:Dataset", "description": "Caracteriza\u00e7\u00e3o dos Circuitos de Remo\u00e7\u00e3o em Lisboa em termos de designa\u00e7\u00e3o, periodicidade e  hor\u00e1rio de in\u00edcio. Detalhe de cada ponto abrangido pelo circuito no que diz respeito a localiza\u00e7\u00e3o e capacidade instalada desagregada ao n\u00edvel do tipo de contentor.", "title": "Circuitos de Recolha de Res\u00edduos Urbanos", "keyword": ["Circuito", "Contentor", "Limpeza", "Res\u00edduos", "Contentores", "Remo\u00e7\u00e3o", "Environment", "Removal", "Urban Cleaning", "Ambiente", "dados-cm-lisboa-pt", "Waste Container"], "theme": "http://publications.europa.eu/resource/authority/data-theme/GOVE", "accessRights": "http://publications.europa.eu/resource/authority/access-right/PUBLIC", "accuralPeriodicity": "http://publications.europa.eu/resource/authority/frequency/UNKNOWN", "language": "http://publications.europa.eu/resource/authority/language/POR", "issued": "2021-07-22T11:23:11.472766", "modified": "2021-07-22T11:23:11.472766"}