{"@id": "distribution_1", "@type": "dcat:Distribution", "accessURL": "https://hub.arcgis.com/datasets/CML::circuitoscontentores/about", "description": "Caracteriza\u00e7\u00e3o dos Circuitos de Remo\u00e7\u00e3o em Lisboa em termos de designa\u00e7\u00e3o, periodicidade e  hor\u00e1rio de in\u00edcio. Detalhe de cada ponto abrangido pelo circuito no que diz respeito a localiza\u00e7\u00e3o e capacidade instalada desagregada ao n\u00edvel do tipo de contentor.", "format": "http://publications.europa.eu/resource/authority/file-type/GEOJSON", "byteSize": 49363136, "downloadURL": "https://opendata.arcgis.com/datasets/0ffb19343bdd4b8c83a18c29b1f8ef04_0.geojson", "language": "http://publications.europa.eu/resource/authority/language/POR", "mediaType": "application/geo+json", "title": "CircuitosContentores.geojson", "issued": "2021-07-22T11:37:56.856130", "modified": "2021-07-22T11:37:56.856130"}