code,name,description,mediaType
TAR,TAR,TAR – tape archive – is a computer software utility for collecting many files into one archive file for distribution or backup purposes.,application/x-tar
GZIP,GNU zip,GZIP – GNU zip – is a file format and a software application used for file compression and decompression.,application/x-gzip
ZIP,ZIP,ZIP is an archive file format that supports lossless data compression. A ZIP file may contain one or more files or directories that may have been compressed.,application/zip
AZW,Amazon Kindle eBook,"AZW Kindle File Format is a proprietary e-book file format created by Amazon.com that can be downloaded and read on devices like smartphones, tablets, computers or e-readers that have Amazon's Kindle application.",application/vnd.amazon.ebook
EPUB,EPUB,"EPUB – electronic publication – is an e-book file format that can be downloaded and read on devices like smartphones, tablets, computers or e-readers. It is a technical standard published by the International Digital Publishing Forum (IDPF).",application/epub+zip
MOBI,Mobipocket eBook,"Mobipocket eBook is a proprietary e-book file format of Mobipocket SA company that can be used by mobile phones, personal digital assistants (PDA) and desktop operating systems.",application/x-mobipocket-ebook
GIF,GIF,GIF – Graphics Interchange Format – is a bitmap image format that was developed by a team at the bulletin board service (BBS) provider CompuServe.,image/gif
JPEG,JPEG,"JPEG – Joint Photographic Experts Group – is a commonly used method of lossy compression for digital images, particularly for those images produced by digital photography. The degree of compression can be adjusted, allowing a selectable tradeoff between storage size and image quality.",image/jpeg
TIFF,TIFF,"TIFF – Tagged Image File Format – is a computer file format for storing raster graphics images, popular among graphic artists, the publishing industry and photographers. TIFF is widely supported by scanning, faxing, word processing, optical character recognition, image manipulation, desktop publishing and page-layout applications. The format was created by Aldus Corporation for use in desktop publishing.",image/tiff
PNG,PNG,"PNG – Portable Network Graphics – is a raster graphics file format that supports lossless data compression. PNG was created as an improved, non-patented replacement for Graphics Interchange Format (GIF), and is the most widely used lossless image compression format on the Internet.",image/png
EPS,Encapsulated Postscript,"EPS – Encapsulated PostScript – files are more-or-less self-contained, reasonably predictable PostScript documents that describe an image or drawing and can be placed within another PostScript document.",application/postscript
CSS,CSS,CSS – Cascading Style Sheets – is a style sheet language used for describing the presentation of a document written in a markup language.,text/css
PDF,PDF,"PDF – Portable Document Format – is a file format developed to present documents, including text formatting and images, in a manner independent of application software, hardware and operating systems. Based on the PostScript language, each PDF file encapsulates a complete description of a fixed-layout flat document, including the text, fonts, vector graphics, raster images and other information needed to display it. PDF was standardized as an open format and does not require any royalties for its implementation.",application/pdf
PDFA1A,PDF/A-1a,"PDF/A-1 is the Part 1 of the PDF standard and specifies two levels of conformance for PDF files. PDF/A-1a – Level A (accessible) conformance was intended to increase the accessibility of conforming files for physically impaired users by allowing assistive software, such as screen readers, to more precisely extract and interpret a file's contents.",application/pdf
PDFA1B,PDF/A-1b,PDF/A-1 is the Part 1 of the PDF standard and specifies two levels of conformance for PDF files. Level B (basic) conformance requires only that standards necessary for the reliable reproduction of a document's visual appearance be followed.,application/pdf
PDFX,PDF/X,"PDF/X is a subset of the PDF standard. The purpose of PDF/X is to facilitate graphics exchange, and it therefore has a series of printing related requirements which do not apply to standard PDF files.",application/pdf
METS,METS XML,"METS – Metadata Encoding and Transmission Standard – is a metadata standard for encoding descriptive, administrative and structural metadata regarding objects within a digital library, expressed using the XML schema language.",application/xml
METS_ZIP,METS package,METS package is a zip file containing METS XML files.,application/zip
PPSX,PowerPoint PPSX,"PPSX – PowerPoint 2007 XML slide show – is an XML filename extension of Microsoft PowerPoint presentation program. PowerPoint was originally designed to provide visuals for group presentations within business organizations, but has come to be very widely used in many other communication situations, both in business and beyond.",application/vnd.openxmlformats-officedocument.presentationml.slideshow
PPS,PowerPoint Slide Show,"PPS – PowerPoint 97–2003 binary slide show – is a binary filaname extension of Microsoft PowerPoint presentation program. PowerPoint was originally designed to provide visuals for group presentations within business organizations, but has come to be very widely used in many other communication situations, both in business and beyond.",application/vnd.ms-powerpoint
PPT,PowerPoint PPT,"PPT is a binary media type of Microsoft PowerPoint presentation program. PowerPoint was originally designed to provide visuals for group presentations within business organizations, but has come to be very widely used in many other communication situations, both in business and beyond.",application/vnd.ms-powerpoint
PPTX,PowerPoint PPTX,"PPTX – PowerPoint 2007 XML presentation – is an XML filename extension of Office Open XML version of Microsoft PowerPoint presentation program. PowerPoint was originally designed to provide visuals for group presentations within business organizations, but has come to be very widely used in many other communication situations, both in business and beyond.",application/vnd.openxmlformats-officedocument.presentationml.presentation
XLS,Excel XLS,"XLS is a proprietary binary file format used for Microsoft Excel spreadsheet which features calculation, graphing tools, pivot tables and a macro programming language.",application/vnd.ms-excel
XLSX,Excel XLSX,"XLSX is the default file format for Excel 2007 and later workbook used for Microsoft Excel spreadsheet which features calculation, graphing tools, pivot tables and a macro programming language. XLSX is in reality a ZIP compressed archive with a directory structure of XML text documents.",application/vnd.openxmlformats-officedocument.spreadsheetml.sheet
XSLFO,XSL-FO,"XSL-FO – XSL Formatting Objects – is a markup language for XML document formatting that is most often used to generate PDF files. XSL-FO is part of XSL (Extensible Stylesheet Language), a set of W3C technologies designed for the transformation and formatting of XML data.",application/xml
XSLT,XSLT,"XSLT – Extensible Stylesheet Language Transformations – is a language for transforming XML documents into other XML documents or other formats such as HTML for web pages, plain text or XSL Formatting Objects, which may subsequently be converted to other formats, such as PDF, PostScript and PNG.",application/xslt+xml
DTD_SGML,SGML DTD,"SGML – Standard Generalized Markup Language – is a standard for defining generalized markup languages for documents. DTD – document type definition – is a set of markup declarations that define a document type for an SGML-family markup language (SGML, XML, HTML). It defines the legal building blocks of an XML document, the document structure with a list of legal elements and attributes.",application/sgml
DTD_XML,XML DTD,"XML – Extensible Markup Language – is a markup language that defines a set of rules for encoding documents in a format that is both human-readable and machine-readable. DTD – document type definition – is a set of markup declarations that define a document type for an SGML-family markup language (SGML, XML, HTML). It defines the legal building blocks of an XML document, the document structure with a list of legal elements and attributes. XML uses a subset of SGML DTD.",application/xml-dtd
SCHEMA_XML,XML schema,"An XML schema is a description of a type of XML document, typically expressed in terms of constraints on the structure and content of documents of that type, above and beyond the basic syntactical constraints imposed by XML itself.",application/xml
FMX4,Formex 4,"Formex describes the format for the exchange of data between the Publication Office and its contractors. In particular, it defines the logical markup for documents which are published in the different series of the Offical Journal of the European Union. Formex V4 is based on the international standard XML.",application/xml
RDF_XML,RDF XML,"RDF XML is a syntax, defined by the W3C, to express (i.e. serialize) an RDF graph as an XML document.",application/rdf+xml
RDF_TURTLE,RDF Turtle,"Turtle – Terse RDF Triple Language – is a format for expressing data in the Resource Description Framework (RDF) data model with a syntax similar to SPARQL. RDF, in turn, represents information using ‘triples’, each of which consists of a subject, a predicate and an object. Each of those items is expressed as a Web URI.",text/turtle
SGML,SGML,SGML – Standard Generalized Markup Language – is a standard for defining generalized markup languages for documents. Generalized markup is based on two postulates: markup should be declarative and rigorous.,text/sgml
SKOS_XML,SKOS,"SKOS – Simple Knowledge Organization System – is a W3C recommendation designed for representation of thesauri, classification schemes, taxonomies, subject-heading systems or any other type of structured controlled vocabulary. XML – Extensible Markup Language – is a markup language that defines a set of rules for encoding documents in a format that is both human-readable and machine-readable.",application/rdf+xml
OWL,OWL,OWL – Web Ontology Language – is a family of knowledge representation languages for authoring ontologies.,application/owl+xml
XML,XML,"XML – Extensible Markup Language – is a markup language that defines a set of rules for encoding documents in a format that is both human-readable and machine-readable. The design goals of XML emphasize simplicity, generality and usability across the Internet.",application/xml
SPARQLQ,SPARQL,"SPARQL – a recursive acronym for SPARQL Protocol and RDF Query Language – is an RDF query language, that is, a semantic query language for databases, able to retrieve and manipulate data stored in Resource Description Framework (RDF) format. It is recognised as one of the key technologies of the semantic web.",application/sparql-query
SPARQLQRES,SPARQL results,"Results of a SPARQL query. SPARQL – SPARQL Protocol and RDF Query Language – is an RDF query language, that is, a semantic query language for databases, able to retrieve and manipulate data stored in Resource Description Framework (RDF) format.",application/sparql-results+xml
DOC,Word DOC,DOC is a proprietary binary Word document format used by Microsoft Word word processor.,application/msword
DOCX,Word DOCX,DOCX is an Office Open XML international standard for Office documents. It is used by Microsoft Word and by a growing number of applications from other vendors in word processing programs.,application/vnd.openxmlformats-officedocument.wordprocessingml.document
ODT,ODT,"ODT is the word processing file format of OpenDocument, an open standard for electronic documents.",application/vnd.oasis.opendocument.text
TXT,Plain text,"Plain text is the data (e.g. file contents) that represent only characters of readable material but not its graphical representation nor other objects. It may also include a limited number of characters that control simple arrangement of text, such as line breaks or tabulation characters. Plain text is different from formatted text, where style information is included, and from ‘binary files’ in which some portions must be interpreted as binary objects (encoded integers, real numbers, images, etc.).",text/plain
RTF,RTF,RTF – Rich Text Format – is a proprietary document file format developed for cross-platform document interchange with Microsoft products.,text/rtf
HTML,HTML,HTML is the standard markup language used to create web pages and its elements form the building blocks of all websites.,text/html
XHTML,XHTML,"XHTML is a family of current and future document types and modules that reproduce, subset and extend HTML 4. XHTML family document types are XML based.",application/xhtml+xml
CSV,CSV,"CSV – comma-separated values – files store tabular data (numbers and text) in plain text. Each line of the file is a data record. Each record consists of one or more fields, separated by commas.",text/csv
MDB,MDB,MDB – Microsoft Database – is a proprietary file format used by 2003 and earlier versions of Microsoft Access. Microsoft Access is a database management system.,application/x-msaccess
DBF,DBF,DBF – dBase database file – is supported by a number of database products. dBase was one of the first database management systems for microcomputers.,application/x-dbase
MOP,MOP,MOP is a chemical file format used by MOPAC. MOPAC is a popular computer program used in computational chemistry. It is designed to implement semi-empirical quantum chemistry algorithms.,chemical/x-mopac-input
E00,E00,E00 is an ArcInfo interchange file format. ArcInfo is a full-featured geographic information system produced by Esri.,application/x-e00
MXD,MXD,MXD – Map Exchange Document – is a file format in which the maps created from ArcGIS software can be stored.,application/x-mxd
KML,KML,"KML – Keyhole Markup Language – is an XML notation for expressing geographic annotation and visualization within Internet-based, two-dimensional maps and three-dimensional Earth browsers. KML was developed for use with Google Earth and became an international standard.",application/vnd.google-earth.kml+xml
TSV,TSV,"TSV – tab-separated values – files are a simple text format for storing data in a tabular structure, e.g. database table or spreadsheet data, and a way of exchanging information between databases. Each record in the table is one line of the text file. Each field value of a record is separated from the next by a tab character.",text/tab-separated-values
JSON,JSON,JSON is an open-standard file format that uses human-readable text to transmit data objects consisting of attribute–value pairs and array data types (or any other serializable value). It is a very common data format used for asynchronous browser/server communication.,application/json
KMZ,KMZ,"A KMZ file consists of a main KML file and zero or more supporting files that are packaged using a Zip utility into one unit, called an archive. The KMZ file can then be stored and emailed as a single entity. A NetworkLink can fetch a KMZ file from a web server. When the KMZ file is unzipped, the main .kml file and its supporting files are separated into their original formats and directory structure, with their original filenames and extensions. In addition to being an archive format, the Zip format is also compressed, so an archive can include only a single large KML file. Depending on the content of the KML file, this process typically results in 10:1 compression. Your 10 Kbyte KML file can be served with a 1 Kbyte KMZ file.",application/vnd.google-earth.kmz
GML,GML,GML – Geography Markup Language – is the XML grammar defined by the Open Geospatial Consortium (OGC) to express geographical features. GML serves as a modeling language for geographic systems as well as an open interchange format for geographic transactions on the Internet.,application/gml+xml
RSS,RSS feed,"RSS – Rich Site Summary; originally RDF Site Summary; often called Really Simple Syndication – is a type of web feed which allows users to access updates to online content in a standardized, computer-readable format. These feeds can, for example, allow a user to keep track of many different websites in a single news aggregator. Websites usually use RSS feeds to publish frequently updated information, such as blog entries, news headlines, audio, video. An RSS document (called ‘feed’, ‘web feed’ or ‘channel’) includes full or summarized text and metadata.",application/rss+xml
ODS,ODS,"ODS is an OpenDocument file format for spreadsheets. OpenDocument was developed with the aim of providing an open, XML-based file format specification for office applications.",application/vnd.oasis.opendocument.spreadsheet
INDD,INDD,INDD is a file format for a page layout file used by Adobe InDesign. InDesign is a desktop publishing software application.,application/x-indesign
PSD,PSD,PSD – Photoshop Document – stores an image with support for most imaging options available in Adobe Photoshop. Photoshop is a raster graphics editor.,application/x-photoshop
PS,PS,"PS – PostScript – is a page description language in the electronic publishing and desktop publishing business. It is a dynamically typed, concatenative programming language.",application/postscript
ODF,ODF,"ODF – Open Document Format for Office Applications, also known as OpenDocument – is an XML-based file format for spreadsheets, charts, presentations and word processing documents. It was developed with the aim of providing an open, XML-based file format specification for office applications.",application/octet-stream
TAR_XZ,TAR XZ,"TAR – tape archive – is a computer software utility for collecting many files into one archive file, often referred to as a tarball, for distribution or backup purposes. XZ is a lossless compression program and file format.",application/x-compressed
TAR_GZ,TAR GZ,"TAR – tape archive – is a computer software utility for collecting many files into one archive file, often referred to as a tarball, for distribution or backup purposes. GZ – gzip – is a file format and a software application used for file compression and decompression.",application/gnutar
RDF,RDF,"RDF – Resource Description Framework – is a standard model for data interchange on the Web. RDF has features that facilitate data merging. RDF extends the linking structure of the Web to use URIs to name the relationship between things as well as the two ends of the link (this is usually referred to as a ‘triple’). Using this simple model, it allows structured and semi-structured data to be mixed, exposed and shared across different applications. This linking structure forms a directed, labeled graph, where the edges represent the named link between two resources, represented by the graph nodes.",application/rdf+xml
XLIFF,XLIFF,"XLIFF is the XML Localisation Interchange File Format designed by a group of multilingual content publishers, software providers, localization service providers, localization tools providers and researchers. It is intended to give any multilingual content owner a single interchange file format that can be understood by any localization provider, using any conformant localization tool. While the primary focus is on being a lossless interchange format, usage of XLIFF as a processing format is neither encouraged nor discouraged or prohibited.",application/xliff+xml
OVF,OVF,OVF – Open Virtualization Format – is an open standard for packaging and distributing virtual appliances or more generally software to be run in virtual machines.,application/ovf
JSON_LD,JSON-LD,"JSON-LD is a JSON-based format to serialize Linked Data. It is primarily intended to be a way to use Linked Data in Web-based programming environments, to build interoperable Web services, and to store Linked Data in JSON-based storage engines.",application/ld+json
RDF_N_TRIPLES,RDF N-Triples,"RDF N-Tirples is a line-based, plain text format for encoding an RDF graph; a concrete syntax for RDF, an easy to parse line-based subset of Turtle.",application/n-triples
HDF,HDF,"HDF is a set of file formats (HDF4, HDF5) designed to store and organize large amounts of numerical data.",application/x-hdf
NETCDF,NetCDF,"NetCDF is a set of software libraries and self-describing, machine-independent data formats that support the creation, access and sharing of array-oriented scientific data.",application/x-netcdf
SDMX,SDMX,"SDMX is an initiative to foster standards for the exchange of statistical information. The SDMX message formats have two basic expressions, SDMX-ML (using XML syntax) and SDMX-EDI (using EDIFACT syntax and based on the GESMES/TS statistical message).",application/EDIFACT
JPEG2000,JPEG 2000,JPEG 2000 – Joint Photographic Experts Group 2000 – is an image coding system that uses state-of-the-art compression techniques based on wavelet technology.,image/jp2
SHP,Esri Shape,"SHP – shapefile format – is a popular geospatial vector data format for geographic information system (GIS) software. Esri shapefile is a zip archive that contains at least the shp, shx and dbf files.",application/x-shapefile
GDB,Esri File Geodatabase,"GDB is an Esri's file-based geodatabase format, stored as folders in a file system. It shall be used for Esri file geodatabases. The file is a zip archive that contains the gdb directory.",application/x-filegdb
GMZ,Zipped GML,GMZ is the media type which shall be used for a zip archive that contains one or more GML documents.,application/x-gmz
ECW,ECW,ECW – Enhanced Compressed Wavelet – is the media type which shall be used for a proprietary wavelet compression image format optimized for aerial and satellite imagery.,application/x-ecw
GRID_ASCII,Esri ASCII grid,"Esri ASCII grid is the media type which shall be used for ASCII GRID files. ASCII GRID is one of the two formats of Esri grid, a raster GIS file format, a non-proprietary ASCII format, also known as an ArcInfo ASCII GRID.",application/x-ascii-grid
DMP,Oracle Dump,DMP is the media type which shall be used for Oracle dumps. This media type is incomplete as it lacks a reference to the specification of the format.,application/x-oracledump
LAS,LASer file,LAS – LASer file format – is the media type which shall be used for a public file format for the interchange of 3-dimensional point cloud data data between data users.,application/x-las
LAZ,Compressed LAS file,LAZ is the media type which shall be used for compressed LAS files. This media type is incomplete as it lacks a reference to the specification of the format.,application/x-laz
TAB,MapInfo TAB file,"MapInfo TAB is the media type which shall be used for the MapInfo TAB format. The file is a zip archive that contains at least the tab, dat, map and id files.",application/x-tab
TAB_RSTR,MapInfo TAB raster file,MapInfo TAB raster file is the media type which shall be used for the MapInfo Raster TAB format. This media type is incomplete as it lacks a reference to the specification of the format.,application/x-tab-raster
WORLD,World file,"A world file is a plain text computer data file used by geographic information systems (GIS) to georeference raster map images. The file extension usually depends on the format of the associated image, e.g. .jgw for JPEG (2000) or .tfw for TIFF.",application/x-worldfile
TMX,TMX,TMX – Translation Memory eXchange – is an XML specification for the exchange of translation memory data between computer-aided translation and localization tools with little or no loss of critical data.,application/xml
ATOM,Atom Feed,The Atom Feed or Atom Syndication Format is an XML language used for web feeds. Web feeds allow software programs to check for updates published on a website.,application/atom+xml
OCTET,Octet Stream,Octet is the Internet media type for an arbitrary byte stream. A byte streamor octet stream is a series of bytes.,application/octet-stream
BIN,Binary Data,A binary file is a computer file that is not a text file.,application/octet-stream
ODC,OpenDocument Chart,OpenDocument is a standardized Open Document Format for Office Applications. Charts define how to create graphical displays from numerical data.,application/vnd.oasis.opendocument.chart
ODB,OpenDocument Database,OpenDocument is a standardized Open Document Format for Office Applications. Databases are organized collections of data.,application/vnd.oasis.opendocument.database
ODG,OpenDocument Image,OpenDocument is a standardized Open Document Format for Office Applications. Image files are composed of digital data and are used to organize and store digital images.,application/vnd.oasis.opendocument.graphics
BMP,Bitmap Image File,"The bitmap image (BMP) or device independent bitmap (DIB) is a raster graphics image file format used to store bitmap digital images, independently of the display device.",image/x-ms-bmp
DCR,DCR File,DCR is a file type for Adobe Shockwave Media files. DCR files are used to create games and other highly interactive content.,application/x-director
XYZ,XYZ Chemical File,"The XYZ file format is a chemical file format. There is no formal standard and several variations exist, but a typical XYZ format specifies the molecule geometry by giving the number of atoms with Cartesian coordinates that will be read on the first line, a comment on the second, and the lines of atomic coordinates in the following lines.",chemical/x-xyz
MAP_PRVW,ArcGIS Map Preview,Esri's ArcGIS is a geographic information system (GIS) for working with maps and geographic information. Map previews are normal raster background maps.,arcgis_map_preview
MAP_SRVC,ArcGIS Map Service,Esri's ArcGIS is a geographic information system (GIS) for working with maps and geographic information. Map services offer access to map and layer content.,arcgis_map_service
REST,Esri REST,Esri REST is a standard way for web clients to communicate with geographic information system (GIS) servers through Representational State Transfer (REST) technology.,arcgis_rest
MSG_HTTP,HTTP Message,HTTP – Hypertext Transfer Protocol – is a stateless application-level request/response protocol that uses extensible semantics and self-descriptive message payloads for flexible interaction with network-based hypertext information systems. Message Syntax and Routing is part of the HTTP/1.1 specification.,message/http
TIFF_FX,TIFF FX,TIFF-FX is a TIFF-based file format created for fax sendings over the Internet.,image/tiff-fx
PDF1X,PDF1X,PDF1X is a PDF specification used mainly for high quality color printing.,application/pdf
WARC_GZ,WARC GZ,WARC is a web archive format which specifies a method for combining multiple digital resources into an aggregate archive file together with related information. WARC GZ is WARC compressed by GZIP.,application/gzip
RDF_N_QUADS,RDF N-Quads,"N-Quads is a line-based, plain text format for encoding an RDF dataset. N-quads statements are a sequence of RDF terms representing the subject, predicate, object and graph label of an RDF Triple and the graph it is part of in a dataset.",application/n-quads
RDF_TRIG,RDF TriG,"TriG allows an RDF dataset to be completely written in a compact and natural text form, with abbreviations for common usage patterns and datatypes. TriG is an extension of the Turtle format.",application/trig
RDFA,RDFa,RDFa is a technique that provides a set of markup attributes to augment the visual information on the Web with machine-readable hints.,application/rdfa
ARC,ARC,ARC is the archive file format of Internet Archive. ARC files are large aggregate files.,application/octet-stream
HTML_SIMPL,HTML simplified,HTML is a markup language for describing web documents. Its simplified version is used for storage in the Publications Office.,text/html
XHTML_SIMPL,XHTML simplified,XHTML is HTML written as XML. Its simplified version is used for storage in the Publications Office.,application/xhtml+xml
SQL,SQL,SQL – Structured Query Language – is a domain-specific language used in programming and designed for managing data held in a relational database management system (RDBMS) or for stream processing in a relational data stream management system (RDSMS).,application/sql
PDFA2A,PDF/A-2a,PDF/A-2 is the Part 2 of the PDF standard and specifies three levels of conformance for PDF files. PDF/A-2a corresponds to conformance level a in PDF/A-1 (accessible).,application/pdf
PDFA2B,PDF/A-2b,PDF/A-2 is the Part 2 of the PDF standard and specifies three levels of conformance for PDF files. PDF/A-2a corresponds to conformance level a in PDF/A-2 (basic).,application/pdf
PDFA3,PDFA-3,"PDFA-3 is the Part 3 of the standard which differs from PDF/A-2 in only one regard – it allows embedding of arbitrary file formats (such as XML, CSV, CAD, word-processing documents, spreadsheet documents and others) into PDF/A conforming documents.",application/pdf
MBOX,MBOX,MBOX is a generic term for a family of related file formats used for holding collections of email messages. All messages in an mbox mailbox are concatenated and stored as plain text in a single file.,application/mbox
MPEG2,MPEG-2,"MPEG-2 – Moving Picture Experts Group – is a standard for the generic coding of moving pictures and associated audio information. It describes a combination of lossy video compression and lossy audio data compression methods, which permit storage and transmission of movies using currently available storage media and transmission bandwidth.",audio/mpeg
MPEG4,MPEG-4,MPEG-4 – Moving Picture Experts Group – is a method of defining compression of audio and visual (AV) digital data. It was designated a standard for a group of audio and video coding formats and related technology.,application/mp4
MPEG4_AVC,MPEG-4 AVC,"MPEG-4 – Moving Picture Experts Group – Part 10, Advanced Video Coding is a block-oriented motion-compensation-based video compression standard. It is one of the most commonly used formats for the recording, compression and distribution of video content.",application/mp4
BWF,BWF,"BWF – Broadcast Wave Format – is an extension of the Microsoft WAV audio format and is the recording format of most file-based non-linear digital recorders used for motion picture, radio and television production. The purpose of this file format is the addition of metadata to facilitate the seamless exchange of sound data between different computer platforms and applications.",audio/vnd.wave
MHTML,MHTML,"MHTML – MIME Encapsulation of Aggregate HTML Documents – is a web page archive format used to combine in a single document the HTML code and its companion resources that are otherwise represented by external links (such as images, Flash animations, Java applets and audio files). The content of an MHTML file is encoded as if it were an HTML e-mail message.",message/html
ARC_GZ,ARC GZ,ARC is the archive file format of Internet Archive. ARC files are large aggregate files. ARC GZ is ARC compressed by GZIP.,application/gzip
WARC,WARC,WARC is a web archive format which specifies a method for combining multiple digital resources into an aggregate archive file together with related information.,application/warc
PDFX1A,PDF/X-1a,PDF/X-1a is a PDF specification which completes exchange using CMYK data and spots colour printing data.,application/pdf
PDFX2A,PDF/X-2a,"PDF/X-2a is a PDF specification in which colour-managed, CMYK and spot colour data are supported in any combination.",application/pdf
PDFX4,PDF/X-4,"PDF/X-4 is a PDF specification in which colour-managed, CMYK, gray, RGB or spot colour data are supported, as are PDF transparency and optional content.",application/pdf
GEOJSON,GeoJSON,"GeoJSON is an open standard format designed for representing simple geographical features, along with their non-spatial attributes, based on JSON.",application/geo+json
GRID,Esri binary grid,"Esri binary grid is a proprietary binary variation of an Esri grid, a raster GIS file format developed by Esri. It is also known as an ARC/INFO GRID or ARC GRID. It differs from the other Esri grid variation, a non-proprietary ASCII format.",application/x-grid
JATS,JATS XML,JATS – Journal Article Tag Suite – is an XML format used to describe scientific literature published online. It is a technical standard developed by the National Information Standards Organization (NISO).,application/xml
BITS,BITS XML,"BITS – Book Interchange Tag Suite – is the ‘book version’ of Journal Article Tag Suite (JATS); an XML format used to describe books published online. BITS provides a common XML format in which publishers and archivists can describe textual and graphical content elements. In order to facilitate the reusability, BITS makes a tag set adequate for supporting interchange, archiving, format-conversion and publishing.",application/xml
PWP,PWP,"Transmitting, storing, sharing or archiving a web publication is easier if it can be packaged as a single file. A Web Publication (WP) is a collection of one or more constituent resources, organized together in a uniquely identifiable grouping that may be presented using standard Open Web Platform technologies. A Packaged Web Publication (PWP) is a Web Publication whose constituent resources are combined into a single distributable file, using some standard packaging format.",application/zip
ISO,ISO image,"Archive file containing the content from (or destined for) an optical disk. Originally it was limited to data formatted to comply with the ISO 9660 standard (1988), hence the format name and the iso file extension. The ISO Disk Image File Format is typically used to package or bundle software, databases, authored DVD video programs, and the like. ISO image files, unlike normal files, are not opened but rather are mounted. ISO image files contain the data contents of every written sector of an optical disc, including the optical disc file system if one is present.",application/x-iso9660-image
ISO_ZIP,Zipped ISO image,ZIP archive containing an ISO disc image file.,application/zip
RAR,RAR,"RAR is a proprietary archive file format that supports data compression, error recovery and file spanning.",application/vnd.rar
SVG,SVG,Open standard for two-dimensional vector graphics.,image/svg+xml
QGS,QGS,"QGS file is a Quantum GIS project. Quantum GIS (QGIS) is a cross-platform free and open source desktop geographic information systems (GIS) application that provides data viewing, editing, and analysis capabilities.",application/octet-stream
N3,N3,Non-XML serialization of Resource Description Framework models.,text/n3
MRSID,MrSID,"Multiresolution seamless image database (MrSID) is a file format developed and patented by LizardTech for encoding of georeferenced raster graphics, such as orthophotos. With this format, large raster image files such as aerial photographs or satellite imagery are compressed and can be quickly viewed without having to decompress the entire file.",image/x-mrsid
EXE,EXE,"An executable file (the main execution point of a computer program) for DOS, OpenVMS, Microsoft Windows, Symbian or OS/2. Besides the executable program, many .exe files contain other components called resources, such as bitmap graphics and icons which the executable program may use for its graphical user interface.",application/octet-stream
JS,JavaScript,"JavaScript is a high-level, interpreted programming language. It is a language which is also characterized as dynamic, weakly typed, prototype-based and multi-paradigm.",application/javascript
ICS,ICalendar,iCalendar is a computer file format which allows Internet users to send meeting requests and tasks to other Internet users by sharing or sending files in this format through various methods.,text/calendar
PL,Perl script,Source code written in the Perl programming language.,text/x-perl
WFS_SRVC,WFS,The Open Geospatial Consortium Web Feature Service (WFS) Interface Standard provides an interface allowing requests for geospatial features across the web using platform-independent mechanisms and is independent of the underlying data store.,application/gml+xml
WMS_SRVC,WMS,"
A Web Map Service (WMS) is a standard protocol developed by the Open Geospatial Consortium (OGC) for serving georeferenced map images over the Internet. These images are typically produced by a map server from data provided by a geographic information system (GIS) database.
",application/vnd.ogc.wms_xml
HDT,HDT,"HDT (Header, Dictionary, Triples) is a compact data structure and binary serialization format for Resource Description Framework (RDF) that keeps big datasets compressed to save space while maintaining search and browse operations without prior decompression.",application/vnd.hdt
IMMC_XML,IMMC XML message,Files exchanged within the context of the Interinstitutional Metadata Maintenance Committee (IMMC) communication protocol.,application/xml
XLSB,XLSB,"A file with the XLSB file extension is an Excel Binary Workbook file. They store information in binary format instead of XML like with most other Excel files (like XLSX). Since XLSB files are binary, they can be read from and written to much faster, making them extremely useful for very large spreadsheets.",application/vnd.ms-excel.sheet.binary.macroEnabled.12
XLSM,XLSM,"An Excel Macro-enabled Workbook contains worksheets of cells arranged by rows and columns as well as embedded macros programmed in the Visual Basic for Applications (VBA) language. XLSM files are saved in the Open XML format introduced in Microsoft Office 2007. XLSM files are XLSX files, but with macros enabled.",application/vnd.ms-excel.sheet.macroEnabled.12
ODP,ODP,"ODP is an OpenDocument file format for presentations. OpenDocument was developed with the aim of providing an open, XML-based file format specification for office applications.",application/vnd.oasis.opendocument.presentation
RDF_TRIX,RDF TriX,TriX (Triples in XML) is a serialization format for RDF (Resource Description Framework) graphs. It is an XML format for serializing Named Graphs and RDF Datasets which offers a compact and readable alternative to the XML-based RDF/XML syntax.,application/xml
7Z,7z,"7z is a compressed archive file format that supports several different data compression, encryption and pre-processing algorithms.",application/x-7z-compressed
AAC,AAC,"Advanced Audio Coding (AAC) is an audio coding standard for lossy digital audio compression. Designed to be the successor of the MP3 format, AAC generally achieves higher sound quality than MP3 at the same bit rate.",audio/aac
APK,APK,"Android Package (APK) is the package file format used by the Android operating system for distribution and installation of mobile apps, mobile games and middleware.",application/vnd.android.package-archive
APPX,AppX,"AppX is a file format used to distribute and install apps on Windows 8.x and 10, Windows Phone 8.1, Windows 10 Mobile, Xbox One, Hololens and Windows 10 IoT Core.",application/octet-stream
ARJ,ARJ,Compressed archive file produced by ARJ software. ARJ (Archived by Robert Jung) is a software tool designed by Robert K. Jung for creating high-efficiency compressed file archives.,application/x-arj
BZIP2,bzip2,"An open source, patent- and royalty-free compression format. The compression algorithm is a Burrows-Wheeler transform followed by a move-to-front transform and finally Huffman coding.",application/x-bzip2
DEB,deb,Debian package is a standard Unix ar archive that includes two tar archives. One archive holds the control information and another contains the installable data.,application/vnd.debian.binary-package
DMG,DMG,Apple Disk Image is a disk image format commonly used by the macOS operating system.,application/x-apple-diskimage
JAR,JAR,JAR (Java Archive) is an archive file that includes a Java-specific manifest file. It is built on the ZIP format.,application/java-archive
LHA,LHA,"Compressed file produced by LHA, a freeware compression utility.",application/x-lzh-compressed
LZIP,lzip,"Compressed file produced by lzip, free, command-line tool for the compression of data that employs the Lempel-Ziv-Markov chain algorithm (LZMA).",application/x-lzip
LZO,lzo,"Compressed file produced using LZO (Lempel-Ziv-Oberhumer), a lossless data compression algorithm that is focused on decompression speed.",application/x-lzop
LZMA,lzma,Compressed file produced using LZMA (Lempel-Ziv-Markov) chain algorithm.,application/x-lzma
RPM,RPM,"File format for RPM Package Manager (originally Red Hat Package Manager), free and open-source package management system.",application/x-rpm
SB3,sb3,Scratch 3.0 is a file format used to store exported Scratch 3.0 projects and sprites. These are ZIP archives which contain information encoded in a text-based JSON format and project media in separate files.,application/x-sb3
SWM,SWM,Split WIM file is a Windows Imaging Format file that has been split into multiple parts.,application/x-ms-wim
WIM,WIM,The Windows Imaging Format (WIM) is a file-based disk image format.,application/x-ms-wim
XZ,xz,"Compressed file produced using XZ Utils (free software command-line lossless data compressors, including LZMA and xz).",application/x-xz
Z,Z,Compressed file produced by Unix shell compression program based on the LZW (Lempel-Ziv-Welch) compression algorithm.,application/x-compress
MSI,MSI,Archive file for Windows Installer containing the installation information and an optional .cab file payload.,application/x-ole-storage
WAR,WAR,"A WAR file is used to distribute a collection of JAR-files, JavaServer Pages, Java Servlets, Java classes, XML files, tag libraries, static web pages and other resources that together constitute a web application.",application/java+zip
EAR,EAR,EAR (Enterprise Application aRchive) is a file format used by Java EE for packaging one or more modules into a single archive.,application/java-archive
FMX4_ZIP,FMX4 ZIP,FMX4 ZIP is a ZIP archive containing files that all belong to a Formex 4 instance.,application/zip
AKN4EU,AKN4EU file,AKN4EU file is an Akoma Ntoso XML file conforming to the AKN4EU (Akoma Ntoso for European Union) specifications. One or more AKN4EU files can be part of an AKN4EU ZIP file. A special AKN4EU file called ‘main.xml’ is the entry point of an AKN4EU ZIP file.,application/xml
AKN4EU_ZIP,AKN4EU ZIP,"AKN4EU ZIP is a ZIP archive containing an AKN4EU manifestation of a document issued in the legal decision-making process. It must contain at least an AKN4EU file called ‘main.xml’, which constitutes the entry point, and may contain other associated files and subfolders.",application/zip
ETSI_XML,ETSI signature validation report,ETSI signature validation report is a European Telecommunications Standards Institute (ETSI) signature validation report XML file.,application/xml
GPKG,GeoPackage,"An OGC GeoPackage is an open, standards-based, platform-independent, portable, self-describing, compact format for transferring geospatial information. It is implemented as a SQLite database container.",application/geopackage+sqlite3
