<?xml version="1.0" encoding="UTF-8"?>
<data-theme xmlns:xsi="http://www.w3.org/2001/XMLSchema-instance"
            original.entries.date="2015-10-07"
            current.entries.date="2020-09-14"
            table.structure.version="01-02.33-20200901"
            table.id="data-theme"
            ref.administration="cat.admin.xml"
            xsi:noNamespaceSchemaLocation="http://publications.europa.eu/mdr/resource/authority-schema/cat-01-02.33-20200901.xsd"
            version="20200923-0">
   <record deprecated="false"
           id="DTH0001"
           IMMC.proposal.date="2015-10-09"
           IMMC.approval.date="2015-10-09"
           date.creation="2015-10-01"
           adm.status="current">
      <authority-code>AGRI</authority-code>
      <label>
         <lg.version lg="bul" script="Cyrillic">Селско стопанство, рибарство, горско стопанство и храни</lg.version>
         <lg.version lg="ces">Zemědělství, rybolov, lesnictví a výživa</lg.version>
         <lg.version lg="dan">Landbrug, fiskeri, skovbrug og fødevarer</lg.version>
         <lg.version lg="deu">Landwirtschaft, Fischerei, Forstwirtschaft und Nahrungsmittel</lg.version>
         <lg.version lg="ell" script="Greek">Γεωργία, αλιεία, δασοκομία και τρόφιμα</lg.version>
         <lg.version lg="eng">Agriculture, fisheries, forestry and food</lg.version>
         <lg.version lg="est">Põllumajandus, kalandus, metsandus ja toiduained</lg.version>
         <lg.version lg="fin">Maatalous, kalastus, metsätalous ja elintarvikkeet</lg.version>
         <lg.version lg="fra">Agriculture, pêche, sylviculture et alimentation</lg.version>
         <lg.version lg="gle">Talmhaíocht, iascach, foraoiseacht agus bia</lg.version>
         <lg.version lg="hrv">Poljoprivreda, ribarstvo, šumarstvo i hrana</lg.version>
         <lg.version lg="hun">Mezőgazdaság, halászat, erdészet és élelmiszer</lg.version>
         <lg.version lg="ita">Agricoltura, pesca, silvicoltura e prodotti alimentari</lg.version>
         <lg.version lg="lav">Lauksaimniecība, zivsaimniecība, mežsaimniecība un pārtika</lg.version>
         <lg.version lg="lit">Žemės ūkis, žuvininkystė, miškininkystė ir maistas</lg.version>
         <lg.version lg="mlt">Agrikoltura, sajd, forestrija u ikel</lg.version>
         <lg.version lg="nld">Landbouw, visserij, bosbouw en voeding</lg.version>
         <lg.version lg="nno">Jordbruk, fiskeri, skogbruk og mat</lg.version>
         <lg.version lg="nob">Jordbruk, fiskeri, skogbruk og mat</lg.version>
         <lg.version lg="nor">Jordbruk, fiskeri, skogbruk og mat</lg.version>
         <lg.version lg="pol">Rolnictwo, rybołówstwo, leśnictwo i żywność</lg.version>
         <lg.version lg="por">Agricultura, pesca, silvicultura e alimentação</lg.version>
         <lg.version lg="ron">Agricultură, pescuit, silvicultură şi hrană</lg.version>
         <lg.version lg="slk">Poľnohospodárstvo, rybné hospodárstvo, lesníctvo a potravinárstvo</lg.version>
         <lg.version lg="slv">Kmetijstvo, ribištvo, gozdarstvo in prehrana</lg.version>
         <lg.version lg="spa">Agricultura, pesca, silvicultura y alimentación</lg.version>
         <lg.version lg="swe">Jordbruk, fiske, skogsbruk och livsmedel</lg.version>
      </label>
      <use.context>DCAT_AP</use.context>
      <use.context>IMMC</use.context>
      <use.context>ODP</use.context>
      <start.use>2015-10-01</start.use>
      <sources>
         <source date="2020-04-16" lg="eng">
            <description>This concept identifies datasets covering such domains as agriculture, fisheries, forestry or food. Agriculture is the science and art of cultivating plants and livestock. Fisheries are activities leading to harvesting of fish; may involve capture of wild fish or raising of fish through aquaculture. Forestry is the science and craft of creating, managing, using, conserving and repairing forests, woodlands and associated resources for human and environmental benefits. Food is any substance consumed to provide nutritional support for an organism. Dataset examples: Agricultural and Vegetable Catalogue; The Community Fishing Fleet Register; Pan-European Map of Forest Biomass Increment; Food composition database for nutrient intake: selected vitamins and minerals in selected European countries.</description>
            <provenance>OP</provenance>
         </source>
      </sources>
   </record>
   <record deprecated="false"
           id="DTH0002"
           IMMC.proposal.date="2015-10-09"
           IMMC.approval.date="2015-10-09"
           date.creation="2015-10-01"
           adm.status="current">
      <authority-code>EDUC</authority-code>
      <label>
         <lg.version lg="bul" script="Cyrillic">Образование, култура и спорт</lg.version>
         <lg.version lg="ces">Vzdělávání, kultura a sport</lg.version>
         <lg.version lg="dan">Uddannelse, kultur og sport</lg.version>
         <lg.version lg="deu">Bildung, Kultur und Sport</lg.version>
         <lg.version lg="ell" script="Greek">Παιδεία, πολιτιστικά θέματα και αθλητισμός</lg.version>
         <lg.version lg="eng">Education, culture and sport</lg.version>
         <lg.version lg="est">Haridus, kultuur ja sport</lg.version>
         <lg.version lg="fin">Koulutus, kulttuuri ja urheilu</lg.version>
         <lg.version lg="fra">Éducation, culture et sport</lg.version>
         <lg.version lg="gle">Oideachas, cultúr agus spórt</lg.version>
         <lg.version lg="hrv">Obrazovanje, kultura i sport</lg.version>
         <lg.version lg="hun">Oktatás, kultúra és sport</lg.version>
         <lg.version lg="ita">Istruzione, cultura e sport</lg.version>
         <lg.version lg="lav">Izglītība, kultūra un sports</lg.version>
         <lg.version lg="lit">Švietimas, kultūra ir sportas</lg.version>
         <lg.version lg="mlt">Edukazzjoni, kultura u sport</lg.version>
         <lg.version lg="nld">Onderwijs, cultuur en sport</lg.version>
         <lg.version lg="nno">Utdanning, kultur og sport</lg.version>
         <lg.version lg="nob">Utdanning, kultur og sport</lg.version>
         <lg.version lg="nor">Utdanning, kultur og sport</lg.version>
         <lg.version lg="pol">Edukacja, kultura i sport</lg.version>
         <lg.version lg="por">Educação, cultura e desporto</lg.version>
         <lg.version lg="ron">Educaţie, cultură şi sport</lg.version>
         <lg.version lg="slk">Vzdelávanie, kultúra a šport</lg.version>
         <lg.version lg="slv">Izobraževanje, kultura in šport</lg.version>
         <lg.version lg="spa">Educación, cultura y deportes</lg.version>
         <lg.version lg="swe">Utbildning, kultur och sport</lg.version>
      </label>
      <use.context>DCAT_AP</use.context>
      <use.context>IMMC</use.context>
      <use.context>ODP</use.context>
      <start.use>2015-10-01</start.use>
      <sources>
         <source date="2020-04-16" lg="eng">
            <description>This concept identifies datasets covering such domains as education, culture or sport. Education is the process of facilitating learning, or the acquisition of knowledge, skills, values, beliefs and habits. Culture encompasses the social behavior and norms found in human societies, as well as the knowledge, beliefs, arts, laws, customs, capabilities and habits of the individuals in these groups. Sport includes all forms of competitive physical activity or games which maintain or improve physical ability and skills while providing enjoyment to participants, and in some cases, entertainment for spectators. Dataset examples: European Skills, Competences, Qualifications and Occupations (ESCO); EU Member States and international human rights obligations; Participation in any cultural or sport activities in the last 12 months by sex, age and educational attainment level.</description>
            <provenance>OP</provenance>
         </source>
      </sources>
   </record>
   <record deprecated="false"
           id="DTH0003"
           IMMC.proposal.date="2015-10-09"
           IMMC.approval.date="2015-10-09"
           date.creation="2015-10-01"
           adm.status="current">
      <authority-code>ENVI</authority-code>
      <label>
         <lg.version lg="bul" script="Cyrillic">Околна среда</lg.version>
         <lg.version lg="ces">Životní prostředí</lg.version>
         <lg.version lg="dan">Miljø</lg.version>
         <lg.version lg="deu">Umwelt</lg.version>
         <lg.version lg="ell" script="Greek">Περιβάλλον</lg.version>
         <lg.version lg="eng">Environment</lg.version>
         <lg.version lg="est">Keskkond</lg.version>
         <lg.version lg="fin">Ympäristö</lg.version>
         <lg.version lg="fra">Environnement</lg.version>
         <lg.version lg="gle">Comhshaol</lg.version>
         <lg.version lg="hrv">Okoliš</lg.version>
         <lg.version lg="hun">Környezet</lg.version>
         <lg.version lg="ita">Ambiente</lg.version>
         <lg.version lg="lav">Vide</lg.version>
         <lg.version lg="lit">Aplinka</lg.version>
         <lg.version lg="mlt">Ambjent</lg.version>
         <lg.version lg="nld">Milieu</lg.version>
         <lg.version lg="nno">Miljø</lg.version>
         <lg.version lg="nob">Miljø</lg.version>
         <lg.version lg="nor">Miljø</lg.version>
         <lg.version lg="pol">Środowisko</lg.version>
         <lg.version lg="por">Ambiente</lg.version>
         <lg.version lg="ron">Mediu</lg.version>
         <lg.version lg="slk">Životné prostredie</lg.version>
         <lg.version lg="slv">Okolje</lg.version>
         <lg.version lg="spa">Medio ambiente</lg.version>
         <lg.version lg="swe">Miljö</lg.version>
      </label>
      <use.context>DCAT_AP</use.context>
      <use.context>IMMC</use.context>
      <use.context>ODP</use.context>
      <start.use>2015-10-01</start.use>
      <sources>
         <source date="2020-04-16" lg="eng">
            <description>This concept identifies datasets covering the domain of environment. The natural environment encompasses the interaction of all living species, climate, weather and natural resources that affect human survival and economic activity. Dataset examples: Attitudes of European citizens towards the environment; Pollutant emissions from transport.</description>
            <provenance>OP</provenance>
         </source>
      </sources>
   </record>
   <record deprecated="false"
           id="DTH0004"
           IMMC.proposal.date="2015-10-09"
           IMMC.approval.date="2015-10-09"
           date.creation="2015-10-01"
           adm.status="current">
      <authority-code>ENER</authority-code>
      <label>
         <lg.version lg="bul" script="Cyrillic">Енергетика</lg.version>
         <lg.version lg="ces">Energie</lg.version>
         <lg.version lg="dan">Energi</lg.version>
         <lg.version lg="deu">Energie</lg.version>
         <lg.version lg="ell" script="Greek">Ενέργεια</lg.version>
         <lg.version lg="eng">Energy</lg.version>
         <lg.version lg="est">Energeetika</lg.version>
         <lg.version lg="fin">Energia</lg.version>
         <lg.version lg="fra">Énergie</lg.version>
         <lg.version lg="gle">Fuinneamh</lg.version>
         <lg.version lg="hrv">Energetika</lg.version>
         <lg.version lg="hun">Energia</lg.version>
         <lg.version lg="ita">Energia</lg.version>
         <lg.version lg="lav">Enerģētika</lg.version>
         <lg.version lg="lit">Energetika</lg.version>
         <lg.version lg="mlt">Enerġija</lg.version>
         <lg.version lg="nld">Energie</lg.version>
         <lg.version lg="nno">Energi</lg.version>
         <lg.version lg="nob">Energi</lg.version>
         <lg.version lg="nor">Energi</lg.version>
         <lg.version lg="pol">Energia</lg.version>
         <lg.version lg="por">Energia</lg.version>
         <lg.version lg="ron">Energie</lg.version>
         <lg.version lg="slk">Energetika</lg.version>
         <lg.version lg="slv">Energetika</lg.version>
         <lg.version lg="spa">Energía</lg.version>
         <lg.version lg="swe">Energi</lg.version>
      </label>
      <use.context>DCAT_AP</use.context>
      <use.context>IMMC</use.context>
      <use.context>ODP</use.context>
      <start.use>2015-10-01</start.use>
      <sources>
         <source date="2020-04-16" lg="eng">
            <description>This concept identifies datasets covering the domain of energy. Energy is the quantitative property that must be transferred to an object in order to perform work on, or to heat, the object. Living organisms require energy to stay alive; human civilisation requires energy to function. Dataset examples: European gas market reports; Electricity prices by type of user.</description>
            <provenance>OP</provenance>
         </source>
      </sources>
   </record>
   <record deprecated="false"
           id="DTH0005"
           IMMC.proposal.date="2015-10-09"
           IMMC.approval.date="2015-10-09"
           date.creation="2015-10-01"
           adm.status="current">
      <authority-code>TRAN</authority-code>
      <label>
         <lg.version lg="bul" script="Cyrillic">Транспорт</lg.version>
         <lg.version lg="ces">Doprava</lg.version>
         <lg.version lg="dan">Transport</lg.version>
         <lg.version lg="deu">Verkehr</lg.version>
         <lg.version lg="ell" script="Greek">Μεταφορές</lg.version>
         <lg.version lg="eng">Transport</lg.version>
         <lg.version lg="est">Transport</lg.version>
         <lg.version lg="fin">Liikenne</lg.version>
         <lg.version lg="fra">Transports</lg.version>
         <lg.version lg="gle">Iompar</lg.version>
         <lg.version lg="hrv">Promet</lg.version>
         <lg.version lg="hun">Közlekedés</lg.version>
         <lg.version lg="ita">Trasporti</lg.version>
         <lg.version lg="lav">Transports</lg.version>
         <lg.version lg="lit">Transportas</lg.version>
         <lg.version lg="mlt">Trasport</lg.version>
         <lg.version lg="nld">Vervoer</lg.version>
         <lg.version lg="nno">Transport</lg.version>
         <lg.version lg="nob">Transport</lg.version>
         <lg.version lg="nor">Transport</lg.version>
         <lg.version lg="pol">Transport</lg.version>
         <lg.version lg="por">Transportes</lg.version>
         <lg.version lg="ron">Transport</lg.version>
         <lg.version lg="slk">Doprava</lg.version>
         <lg.version lg="slv">Transport</lg.version>
         <lg.version lg="spa">Transporte</lg.version>
         <lg.version lg="swe">Transport</lg.version>
      </label>
      <use.context>DCAT_AP</use.context>
      <use.context>IMMC</use.context>
      <use.context>ODP</use.context>
      <start.use>2015-10-01</start.use>
      <sources>
         <source date="2020-04-16" lg="eng">
            <description>This concept identifies datasets covering the domain of transport. Transport is the movement of humans, animals and goods from one location to another. Modes of transport include air, land (rail and road), water, cable, pipeline and space. Dataset examples: Total length of motorways; Airport traffic data by reporting airport and airlines.</description>
            <provenance>OP</provenance>
         </source>
      </sources>
   </record>
   <record deprecated="false"
           id="DTH0006"
           IMMC.proposal.date="2015-10-09"
           IMMC.approval.date="2015-10-09"
           date.creation="2015-10-01"
           adm.status="current">
      <authority-code>TECH</authority-code>
      <label>
         <lg.version lg="bul" script="Cyrillic">Наука и tехнологии</lg.version>
         <lg.version lg="ces">Věda a technika</lg.version>
         <lg.version lg="dan">Videnskab og teknologi</lg.version>
         <lg.version lg="deu">Wissenschaft und Technologie</lg.version>
         <lg.version lg="ell" script="Greek">Επιστήμη και τεχνολογία</lg.version>
         <lg.version lg="eng">Science and technology</lg.version>
         <lg.version lg="est">Teadus ja tehnoloogia</lg.version>
         <lg.version lg="fin">Tiede ja teknologia</lg.version>
         <lg.version lg="fra">Science et technologie</lg.version>
         <lg.version lg="gle">Eolaíocht agus teicneolaíocht</lg.version>
         <lg.version lg="hrv">Znanost i tehnologija</lg.version>
         <lg.version lg="hun">Tudomány és technológia</lg.version>
         <lg.version lg="ita">Scienza e tecnologia</lg.version>
         <lg.version lg="lav">Zinātne un tehnoloģija</lg.version>
         <lg.version lg="lit">Mokslas ir technologijos</lg.version>
         <lg.version lg="mlt">Xjenza u teknoloġija</lg.version>
         <lg.version lg="nld">Wetenschap en technologie</lg.version>
         <lg.version lg="nno">Vitskap og teknologi</lg.version>
         <lg.version lg="nob">Vitenskap og teknologi</lg.version>
         <lg.version lg="nor">Vitenskap og teknologi</lg.version>
         <lg.version lg="pol">Nauka i technologia</lg.version>
         <lg.version lg="por">Ciência e tecnologia</lg.version>
         <lg.version lg="ron">Ştiinţă şi tehnologie</lg.version>
         <lg.version lg="slk">Veda a technika</lg.version>
         <lg.version lg="slv">Znanost in tehnologija</lg.version>
         <lg.version lg="spa">Ciencia y tecnología</lg.version>
         <lg.version lg="swe">Vetenskap och teknik</lg.version>
      </label>
      <use.context>DCAT_AP</use.context>
      <use.context>IMMC</use.context>
      <use.context>ODP</use.context>
      <start.use>2015-10-01</start.use>
      <sources>
         <source date="2020-04-16" lg="eng">
            <description>This concept identifies datasets covering such domains as science or technology. Science is a systematic enterprise that builds and organises knowledge in the form of testable explanations and predictions. Modern science is typically divided into three major branches that consist of the natural sciences, which study nature in the broadest sense; the social sciences, which study individuals and societies; and the formal sciences, which study abstract concepts. Technology is the sum of techniques, skills, methods and processes used in the production of goods or services or in the accomplishment of objectives, such as scientific investigation. Dataset examples: CORDIS - EU research projects under Horizon 2020 (2014-2020); Take-up of mobile broadband (subscriptions/100 people).</description>
            <provenance>OP</provenance>
         </source>
      </sources>
   </record>
   <record deprecated="false"
           id="DTH0007"
           IMMC.proposal.date="2015-10-09"
           IMMC.approval.date="2015-10-09"
           date.creation="2015-10-01"
           adm.status="current">
      <authority-code>ECON</authority-code>
      <label>
         <lg.version lg="bul" script="Cyrillic">Икономика и финанси</lg.version>
         <lg.version lg="ces">Hospodářství a finance</lg.version>
         <lg.version lg="dan">Økonomi og finanser</lg.version>
         <lg.version lg="deu">Wirtschaft und Finanzen</lg.version>
         <lg.version lg="ell" script="Greek">Οικονομία και χρηματοοικονομικά θέματα</lg.version>
         <lg.version lg="eng">Economy and finance</lg.version>
         <lg.version lg="est">Majandus ja rahandus</lg.version>
         <lg.version lg="fin">Talous ja raha-asiat</lg.version>
         <lg.version lg="fra">Économie et finances</lg.version>
         <lg.version lg="gle">Geilleagar agus airgeadas</lg.version>
         <lg.version lg="hrv">Ekonomija i financije</lg.version>
         <lg.version lg="hun">Gazdaság és pénzügy</lg.version>
         <lg.version lg="ita">Economia e finanze</lg.version>
         <lg.version lg="lav">Ekonomika un finanses</lg.version>
         <lg.version lg="lit">Ekonomika ir finansai</lg.version>
         <lg.version lg="mlt">Ekonomija u finanzi</lg.version>
         <lg.version lg="nld">Economie en financiën</lg.version>
         <lg.version lg="nno">Økonomi og finans</lg.version>
         <lg.version lg="nob">Økonomi og finans</lg.version>
         <lg.version lg="nor">Økonomi og finans</lg.version>
         <lg.version lg="pol">Gospodarka i finanse</lg.version>
         <lg.version lg="por">Economia e finanças</lg.version>
         <lg.version lg="ron">Economie şi finanţe</lg.version>
         <lg.version lg="slk">Hospodárstvo a financie</lg.version>
         <lg.version lg="slv">Gospodarstvo in finance</lg.version>
         <lg.version lg="spa">Economía y finanzas</lg.version>
         <lg.version lg="swe">Ekonomi och finans</lg.version>
      </label>
      <use.context>DCAT_AP</use.context>
      <use.context>IMMC</use.context>
      <use.context>ODP</use.context>
      <start.use>2015-10-01</start.use>
      <sources>
         <source date="2020-04-16" lg="eng">
            <description>This concept identifies datasets covering such domains as economy or finance. Economy is the area of the production, distribution and trade, as well as consumption of goods and services by different agents. In its broadest sense, the economy is defined as a social domain that emphasize the practices, discourses and material expressions associated with the production, use, and management of resources. Finance is the study of money and how it is used. Specifically, it deals with the questions of how an individual, company or government acquires the money needed and how they then spend or invest that money. Dataset examples: Tenders Electronic Daily (TED) - public procurement notices from the EU and beyond; General government deficit (-) and surplus (+) - quarterly data.</description>
            <provenance>OP</provenance>
         </source>
      </sources>
   </record>
   <record deprecated="false"
           id="DTH0008"
           IMMC.proposal.date="2015-10-09"
           IMMC.approval.date="2015-10-09"
           date.creation="2015-10-01"
           adm.status="current">
      <authority-code>SOCI</authority-code>
      <label>
         <lg.version lg="bul" script="Cyrillic">Население и общество</lg.version>
         <lg.version lg="ces">Populace a společnost</lg.version>
         <lg.version lg="dan">Befolkning og samfund</lg.version>
         <lg.version lg="deu">Bevölkerung und Gesellschaft</lg.version>
         <lg.version lg="ell" script="Greek">Πληθυσμός και κοινωνία</lg.version>
         <lg.version lg="eng">Population and society</lg.version>
         <lg.version lg="est">Elanikkond ja ühiskond</lg.version>
         <lg.version lg="fin">Väestö ja yhteiskunta</lg.version>
         <lg.version lg="fra">Population et société</lg.version>
         <lg.version lg="gle">Daonra agus sochaí</lg.version>
         <lg.version lg="hrv">Stanovništvo i društvo</lg.version>
         <lg.version lg="hun">Népesség és társadalom</lg.version>
         <lg.version lg="ita">Popolazione e società</lg.version>
         <lg.version lg="lav">Iedzīvotāji un sabiedrība</lg.version>
         <lg.version lg="lit">Gyventojų skaičius ir visuomenė</lg.version>
         <lg.version lg="mlt">Popolazzjoni u soċjetà</lg.version>
         <lg.version lg="nld">Bevolking en samenleving</lg.version>
         <lg.version lg="nno">Befolkning og samfunn</lg.version>
         <lg.version lg="nob">Befolkning og samfunn</lg.version>
         <lg.version lg="nor">Befolkning og samfunn</lg.version>
         <lg.version lg="pol">Ludność i społeczeństwo</lg.version>
         <lg.version lg="por">População e sociedade</lg.version>
         <lg.version lg="ron">Populaţie şi societate</lg.version>
         <lg.version lg="slk">Obyvateľstvo a spoločnosť</lg.version>
         <lg.version lg="slv">Prebivalstvo in družba</lg.version>
         <lg.version lg="spa">Población y sociedad</lg.version>
         <lg.version lg="swe">Befolkning och samhälle</lg.version>
      </label>
      <use.context>DCAT_AP</use.context>
      <use.context>IMMC</use.context>
      <use.context>ODP</use.context>
      <start.use>2015-10-01</start.use>
      <sources>
         <source date="2020-04-16" lg="eng">
            <description>
               <p>This concept identifies datasets covering such domains as population or society. Population is a collection of humans and their entire race; it is the number of people in a city or town, region, country or world. A society is a group of individuals involved in persistent social interaction, or a large social group sharing the same spatial or social territory, typically subject to the same political authority and dominant cultural expectations. Dataset examples: Population density by NUTS 2 region; Violence against Women: An EU-wide survey.</p>
            </description>
            <provenance>OP</provenance>
         </source>
      </sources>
   </record>
   <record deprecated="false"
           id="DTH0009"
           IMMC.proposal.date="2015-10-09"
           IMMC.approval.date="2015-10-09"
           date.creation="2015-10-01"
           adm.status="current">
      <authority-code>HEAL</authority-code>
      <label>
         <lg.version lg="bul" script="Cyrillic">Здраве</lg.version>
         <lg.version lg="ces">Zdraví</lg.version>
         <lg.version lg="dan">Sundhed</lg.version>
         <lg.version lg="deu">Gesundheit</lg.version>
         <lg.version lg="ell" script="Greek">Υγεία</lg.version>
         <lg.version lg="eng">Health</lg.version>
         <lg.version lg="est">Tervis</lg.version>
         <lg.version lg="fin">Terveys</lg.version>
         <lg.version lg="fra">Santé</lg.version>
         <lg.version lg="gle">Sláinte</lg.version>
         <lg.version lg="hrv">Zdravlje</lg.version>
         <lg.version lg="hun">Egészségügy</lg.version>
         <lg.version lg="ita">Salute</lg.version>
         <lg.version lg="lav">Veselība</lg.version>
         <lg.version lg="lit">Sveikata</lg.version>
         <lg.version lg="mlt">Saħħa</lg.version>
         <lg.version lg="nld">Gezondheid</lg.version>
         <lg.version lg="nno">Helse</lg.version>
         <lg.version lg="nob">Helse</lg.version>
         <lg.version lg="nor">Helse</lg.version>
         <lg.version lg="pol">Zdrowie</lg.version>
         <lg.version lg="por">Saúde</lg.version>
         <lg.version lg="ron">Sănătate</lg.version>
         <lg.version lg="slk">Zdravotníctvo</lg.version>
         <lg.version lg="slv">Zdravje</lg.version>
         <lg.version lg="spa">Salud</lg.version>
         <lg.version lg="swe">Hälsa</lg.version>
      </label>
      <use.context>DCAT_AP</use.context>
      <use.context>IMMC</use.context>
      <use.context>ODP</use.context>
      <start.use>2015-10-01</start.use>
      <sources>
         <source date="2020-04-16" lg="eng">
            <description>This concept identifies datasets covering the domain of health. Health is a state of physical, mental and social well-being in which disease and infirmity are absent. Dataset examples: COVID-19 Coronavirus data; European Cancer Information System.</description>
            <provenance>OP</provenance>
         </source>
      </sources>
   </record>
   <record deprecated="false"
           id="DTH0010"
           IMMC.proposal.date="2015-10-09"
           IMMC.approval.date="2015-10-09"
           date.creation="2015-10-01"
           adm.status="current">
      <authority-code>GOVE</authority-code>
      <label>
         <lg.version lg="bul" script="Cyrillic">Правителство и публичен сектор</lg.version>
         <lg.version lg="ces">Vláda a veřejný sektor</lg.version>
         <lg.version lg="dan">Regeringen og den offentlige sektor</lg.version>
         <lg.version lg="deu">Regierung und öffentlicher Sektor</lg.version>
         <lg.version lg="ell" script="Greek">Κυβέρνηση και δημόσιος τομέας</lg.version>
         <lg.version lg="eng">Government and public sector</lg.version>
         <lg.version lg="est">Valitsus ja avalik sektor</lg.version>
         <lg.version lg="fin">Valtioneuvosto ja julkinen sektori</lg.version>
         <lg.version lg="fra">Gouvernement et secteur public</lg.version>
         <lg.version lg="gle">Rialtas agus earnáil phoiblí</lg.version>
         <lg.version lg="hrv">Vlada i javni sektor</lg.version>
         <lg.version lg="hun">Kormányzat és közszféra</lg.version>
         <lg.version lg="ita">Governo e settore pubblico</lg.version>
         <lg.version lg="lav">Valdība un sabiedriskais sektors</lg.version>
         <lg.version lg="lit">Vyriausybė ir viešasis sektorius</lg.version>
         <lg.version lg="mlt">Gvern u settur pubbliku</lg.version>
         <lg.version lg="nld">Overheid en publieke sector</lg.version>
         <lg.version lg="nno">Forvaltning og offentleg sektor</lg.version>
         <lg.version lg="nob">Forvaltning og offentlig sektor</lg.version>
         <lg.version lg="nor">Forvaltning og offentlig sektor</lg.version>
         <lg.version lg="pol">Rząd i sektor publiczny</lg.version>
         <lg.version lg="por">Governo e setor público</lg.version>
         <lg.version lg="ron">Guvern şi sector public</lg.version>
         <lg.version lg="slk">Vláda a verejný sektor</lg.version>
         <lg.version lg="slv">Vlada in javni sektor</lg.version>
         <lg.version lg="spa">Gobierno y sector público</lg.version>
         <lg.version lg="swe">Regeringen och den offentliga sektorn</lg.version>
      </label>
      <use.context>DCAT_AP</use.context>
      <use.context>IMMC</use.context>
      <use.context>ODP</use.context>
      <start.use>2015-10-01</start.use>
      <sources>
         <source date="2020-04-16" lg="eng">
            <description>This concept identifies datasets covering such domains as government or public sector. A government is the system or group of people governing an organised community, often a state. The public sector is the part of the economy composed of both public services and public enterprises. Public sector services and enterprises can be controlled by central government, regional or local authorities. Organisations that are not part of the public sector are either a part of the private sector or voluntary sector. Dataset examples: Candidate countries and potential candidates: Government statistics; Transparency Register.</description>
            <provenance>OP</provenance>
         </source>
      </sources>
   </record>
   <record deprecated="false"
           id="DTH0011"
           IMMC.proposal.date="2015-10-09"
           IMMC.approval.date="2015-10-09"
           date.creation="2015-10-01"
           adm.status="current">
      <authority-code>REGI</authority-code>
      <label>
         <lg.version lg="bul" script="Cyrillic">Региони и градове</lg.version>
         <lg.version lg="ces">Regiony a města</lg.version>
         <lg.version lg="dan">Regioner og byer</lg.version>
         <lg.version lg="deu">Regionen und Städte</lg.version>
         <lg.version lg="ell" script="Greek">Περιφέρειες και πόλεις</lg.version>
         <lg.version lg="eng">Regions and cities</lg.version>
         <lg.version lg="est">Piirkonnad ja linnad</lg.version>
         <lg.version lg="fin">Alueet ja kaupungit</lg.version>
         <lg.version lg="fra">Régions et villes</lg.version>
         <lg.version lg="gle">Réigiúin agus cathracha</lg.version>
         <lg.version lg="hrv">Regije i gradovi</lg.version>
         <lg.version lg="hun">Régiók és városok</lg.version>
         <lg.version lg="ita">Regioni e città</lg.version>
         <lg.version lg="lav">Reģioni un pilsētas</lg.version>
         <lg.version lg="lit">Regionai ir miestai</lg.version>
         <lg.version lg="mlt">Reġjuni u bliet</lg.version>
         <lg.version lg="nld">Regio's en steden</lg.version>
         <lg.version lg="nno">Regionar og byar</lg.version>
         <lg.version lg="nob">Regioner og byer</lg.version>
         <lg.version lg="nor">Regioner og byer</lg.version>
         <lg.version lg="pol">Regiony i miasta</lg.version>
         <lg.version lg="por">Regiões e cidades</lg.version>
         <lg.version lg="ron">Regiuni şi orașe</lg.version>
         <lg.version lg="slk">Regióny a mestá</lg.version>
         <lg.version lg="slv">Regije in mesta</lg.version>
         <lg.version lg="spa">Regiones y ciudades</lg.version>
         <lg.version lg="swe">Regioner och städer</lg.version>
      </label>
      <use.context>DCAT_AP</use.context>
      <use.context>IMMC</use.context>
      <use.context>ODP</use.context>
      <start.use>2015-10-01</start.use>
      <sources>
         <source date="2020-04-16" lg="eng">
            <description>This concept identifies datasets covering such domains as regions or cities. In the field of political geography, regions tend to be based on political units such as sovereign states; subnational units such as administrative regions, provinces, states, counties, townships, territories, etc.; and multinational groupings. A city is a large human settlement. Dataset examples: NUTS - Nomenclature of territorial units for statistics classification; UDP - GDP per capita by metro regions, 2000 - 2060.</description>
            <provenance>OP</provenance>
         </source>
      </sources>
   </record>
   <record deprecated="false"
           id="DTH0012"
           IMMC.proposal.date="2015-10-09"
           IMMC.approval.date="2015-10-09"
           date.creation="2015-10-01"
           adm.status="current">
      <authority-code>JUST</authority-code>
      <label>
         <lg.version lg="bul" script="Cyrillic">Правосъдие, съдебна система и обществена безопасност</lg.version>
         <lg.version lg="ces">Spravedlnost, právní systém a veřejná bezpečnost</lg.version>
         <lg.version lg="dan">Retfærdighed, retssystem og offentlig sikkerhed</lg.version>
         <lg.version lg="deu">Justiz, Rechtssystem und öffentliche Sicherheit</lg.version>
         <lg.version lg="ell" script="Greek">Δικαιoσύνη, νομικό σύστημα και δημόσια ασφάλεια</lg.version>
         <lg.version lg="eng">Justice, legal system and public safety</lg.version>
         <lg.version lg="est">Õigusemõistmine, õigussüsteem ja avalik turvalisus</lg.version>
         <lg.version lg="fin">Oikeus, oikeusjärjestelmä ja yleinen turvallisuus</lg.version>
         <lg.version lg="fra">Justice, système juridique et sécurité publique</lg.version>
         <lg.version lg="gle">Ceartas, córas dlí agus sábháilteacht an phobail</lg.version>
         <lg.version lg="hrv">Pravosuđe, pravni sustav i javna sigurnost</lg.version>
         <lg.version lg="hun">Igazságügy, jogrendszer és közbiztonság</lg.version>
         <lg.version lg="ita">Giustizia, sistema giuridico e sicurezza pubblica</lg.version>
         <lg.version lg="lav">Tieslietas, tiesību sistēma un sabiedrības drošība</lg.version>
         <lg.version lg="lit">Teisingumas, teisės sistema ir visuomenės sauga</lg.version>
         <lg.version lg="mlt">Ġustizzja, sistema legali u sigurtà pubblika</lg.version>
         <lg.version lg="nld">Justitie, rechtsstelsel en openbare veiligheid</lg.version>
         <lg.version lg="nno">Justis, rettssystem og allmenn tryggleik</lg.version>
         <lg.version lg="nob">Justis, rettssystem og allmenn sikkerhet</lg.version>
         <lg.version lg="nor">Justis, rettssystem og allmenn sikkerhet</lg.version>
         <lg.version lg="pol">Sprawiedliwość, ustrój sądów i bezpieczeństwo publiczne</lg.version>
         <lg.version lg="por">Justiça, sistema judiciário e segurança pública</lg.version>
         <lg.version lg="ron">Justiție, sistem juridic și siguranță publică</lg.version>
         <lg.version lg="slk">Spravodlivosť, právny systém a verejná bezpečnosť</lg.version>
         <lg.version lg="slv">Pravosodje, pravni sistem in javna varnost</lg.version>
         <lg.version lg="spa">Justicia, sistema judicial y seguridad pública</lg.version>
         <lg.version lg="swe">Rättvisa, rättsliga system och allmän säkerhet</lg.version>
      </label>
      <use.context>DCAT_AP</use.context>
      <use.context>IMMC</use.context>
      <use.context>ODP</use.context>
      <start.use>2015-10-01</start.use>
      <sources>
         <source date="2020-04-16" lg="eng">
            <description>This concept identifies datasets covering such domains as justice, legal system or public safety. Justice includes both the attainment of that which is just and the philosophical discussion of that which is just; here it mainly means the procedural justice as found in the study and application of the law. The contemporary legal systems of the world are generally based on one of four basic systems: civil law, common law, statutory law, religious law or combinations of these. Public safety is the function of governments which ensures the protection of citizens, persons in their territory, organisations and institutions against threats to their well-being – and to the prosperity of their communities. Dataset examples: EU case-law; Information on Member States Law; European Data Protection Supervisor register of processing operations.</description>
            <provenance>OP</provenance>
         </source>
      </sources>
   </record>
   <record deprecated="false"
           id="DTH0013"
           IMMC.proposal.date="2015-10-09"
           IMMC.approval.date="2015-10-09"
           date.creation="2015-10-01"
           adm.status="current">
      <authority-code>INTR</authority-code>
      <label>
         <lg.version lg="bul" script="Cyrillic">Международни въпроси</lg.version>
         <lg.version lg="ces">Mezinárodní otázky</lg.version>
         <lg.version lg="dan">Internationale spørgsmål</lg.version>
         <lg.version lg="deu">Internationale Themen</lg.version>
         <lg.version lg="ell" script="Greek">Διεθνή θέματα</lg.version>
         <lg.version lg="eng">International issues</lg.version>
         <lg.version lg="est">Rahvusvahelised küsimused</lg.version>
         <lg.version lg="fin">Kansainväliset kysymykset</lg.version>
         <lg.version lg="fra">Questions internationales</lg.version>
         <lg.version lg="gle">Saincheisteanna idirnáisiúnta</lg.version>
         <lg.version lg="hrv">Međunarodni pitanja</lg.version>
         <lg.version lg="hun">Nemzetközi ügyek</lg.version>
         <lg.version lg="ita">Tematiche internazionali</lg.version>
         <lg.version lg="lav">Starptautiski jautājumi</lg.version>
         <lg.version lg="lit">Tarptautiniai klausimai</lg.version>
         <lg.version lg="mlt">Kwistjonijiet internazzjonali</lg.version>
         <lg.version lg="nld">Internationale vraagstukken</lg.version>
         <lg.version lg="nno">Internasjonale tema</lg.version>
         <lg.version lg="nob">Internasjonale temaer</lg.version>
         <lg.version lg="nor">Internasjonale temaer</lg.version>
         <lg.version lg="pol">Kwestie międzynarodowe</lg.version>
         <lg.version lg="por">Questões internacionais</lg.version>
         <lg.version lg="ron">Chestiuni internaționale</lg.version>
         <lg.version lg="slk">Medzinárodné otázky</lg.version>
         <lg.version lg="slv">Mednarodna vprašanja</lg.version>
         <lg.version lg="spa">Asuntos internacionales</lg.version>
         <lg.version lg="swe">Internationella frågor</lg.version>
      </label>
      <use.context>DCAT_AP</use.context>
      <use.context>IMMC</use.context>
      <use.context>ODP</use.context>
      <start.use>2015-10-01</start.use>
      <sources>
         <source date="2020-04-16" lg="eng">
            <description>This concept identifies datasets covering the domain of international issues. An issue – important topic or problem for debate or discussion – is international when the participants represent at least two countries. Dataset examples: Consolidated list of persons, groups and entities subject to EU financial sanctions; European Commission — DG DEVCO – development and humanitarian assistance to Afghanistan.</description>
            <provenance>OP</provenance>
         </source>
      </sources>
   </record>
</data-theme>
